Name	Condition [Factor]	Read1 [File]	Read2 [File]	Species	Tube [Characteristic]	Sample Id [B-Fabric]	barcode1	barcode2	LibraryPrepKit	strandMode	Order Id [B-Fabric]	PlatePosition [Characteristic]	PlateName [Characteristic]	Read Count
125190T1	NA	p29951/o30069_NovaSeq_221223_NOV1577_DataDelivery/125190T1_S98_R1_001.fastq.gz	p29951/o30069_NovaSeq_221223_NOV1577_DataDelivery/125190T1_S98_R2_001.fastq.gz	Homo sapiens (human)	o30069/1#82	443611	AGGTCCTTCC	AGCGGTGGAC	Illumina Truseq mRNA	antisense	30069	B11	1748	32472815
125190T4	NA	p29951/o30069_NovaSeq_221223_NOV1577_DataDelivery/125190T4_S50_R1_001.fastq.gz	p29951/o30069_NovaSeq_221223_NOV1577_DataDelivery/125190T4_S50_R2_001.fastq.gz	Homo sapiens (human)	o30069/1#19	443563	GGTCCGCTTC	CTCTTGCCAG	Illumina Truseq mRNA	antisense	30069	C3	1748	33551296
125194T1	NA	p29951/o30069_NovaSeq_221223_NOV1577_DataDelivery/125194T1_S72_R1_001.fastq.gz	p29951/o30069_NovaSeq_221223_NOV1577_DataDelivery/125194T1_S72_R2_001.fastq.gz	Homo sapiens (human)	o30069/1#27	443585	AACTTATCCT	TCTCCATTGA	Illumina Truseq mRNA	antisense	30069	C4	1748	36970408
125194T4	NA	p29951/o30069_NovaSeq_221223_NOV1577_DataDelivery/125194T4_S34_R1_001.fastq.gz	p29951/o30069_NovaSeq_221223_NOV1577_DataDelivery/125194T4_S34_R2_001.fastq.gz	Homo sapiens (human)	o30069/1#67	443547	GGCTGTTGAT	ATACCTGGAT	Illumina Truseq mRNA	antisense	30069	C9	1748	34244855
125218T1	NA	p29951/o30069_NovaSeq_221223_NOV1577_DataDelivery/125218T1_S95_R1_001.fastq.gz	p29951/o30069_NovaSeq_221223_NOV1577_DataDelivery/125218T1_S95_R2_001.fastq.gz	Homo sapiens (human)	o30069/1#35	443608	CCGGAGTGGA	AATTGGCGGA	Illumina Truseq mRNA	antisense	30069	C5	1748	34586403
125218T4	NA	p29951/o30069_NovaSeq_221223_NOV1577_DataDelivery/125218T4_S12_R1_001.fastq.gz	p29951/o30069_NovaSeq_221223_NOV1577_DataDelivery/125218T4_S12_R2_001.fastq.gz	Homo sapiens (human)	o30069/1#83	443525	GTCCTGGATA	TTGTCAACTT	Illumina Truseq mRNA	antisense	30069	C11	1748	36989657
125231T1	NA	p29951/o30069_NovaSeq_221223_NOV1577_DataDelivery/125231T1_S48_R1_001.fastq.gz	p29951/o30069_NovaSeq_221223_NOV1577_DataDelivery/125231T1_S48_R2_001.fastq.gz	Homo sapiens (human)	o30069/1#5	443561	GCCATATAAC	TCCAAGAATT	Illumina Truseq mRNA	antisense	30069	E1	1748	25708757
125231T4	NA	p29951/o30069_NovaSeq_221223_NOV1577_DataDelivery/125231T4_S63_R1_001.fastq.gz	p29951/o30069_NovaSeq_221223_NOV1577_DataDelivery/125231T4_S63_R2_001.fastq.gz	Homo sapiens (human)	o30069/1#45	443576	ACATATCCAG	GGTCTTAGGT	Illumina Truseq mRNA	antisense	30069	E6	1748	38697722
125235T1	NA	p29951/o30069_NovaSeq_221223_NOV1577_DataDelivery/125235T1_S97_R1_001.fastq.gz	p29951/o30069_NovaSeq_221223_NOV1577_DataDelivery/125235T1_S97_R2_001.fastq.gz	Homo sapiens (human)	o30069/1#53	443610	GGTGTCACCG	CACAGCACGC	Illumina Truseq mRNA	antisense	30069	E7	1748	30494941
125235T4	NA	p29951/o30069_NovaSeq_221223_NOV1577_DataDelivery/125235T4_S23_R1_001.fastq.gz	p29951/o30069_NovaSeq_221223_NOV1577_DataDelivery/125235T4_S23_R2_001.fastq.gz	Homo sapiens (human)	o30069/1#46	443536	AGCGAATTAG	TGGTACTGAT	Illumina Truseq mRNA	antisense	30069	F6	1748	33185766
125277T1	NA	p29951/o30069_NovaSeq_221223_NOV1577_DataDelivery/125277T1_S19_R1_001.fastq.gz	p29951/o30069_NovaSeq_221223_NOV1577_DataDelivery/125277T1_S19_R2_001.fastq.gz	Homo sapiens (human)	o30069/1#95	443532	TCGGCGGTTA	ACTCGGTTCT	Illumina Truseq mRNA	antisense	30069	E7	1687	78100695
125277T4	NA	p29951/o30069_NovaSeq_221223_NOV1577_DataDelivery/125277T4_S75_R1_001.fastq.gz	p29951/o30069_NovaSeq_221223_NOV1577_DataDelivery/125277T4_S75_R2_001.fastq.gz	Homo sapiens (human)	o30069/1#48	443588	TGTAAGGTGG	TAATTCTACC	Illumina Truseq mRNA	antisense	30069	H6	1748	35271364
125288T1	NA	p29951/o30069_NovaSeq_221223_NOV1577_DataDelivery/125288T1_S82_R1_001.fastq.gz	p29951/o30069_NovaSeq_221223_NOV1577_DataDelivery/125288T1_S82_R2_001.fastq.gz	Homo sapiens (human)	o30069/1#40	443595	CACGGAACAA	CGGCCTCGTT	Illumina Truseq mRNA	antisense	30069	H5	1748	40880780
125288T4	NA	p29951/o30069_NovaSeq_221223_NOV1577_DataDelivery/125288T4_S46_R1_001.fastq.gz	p29951/o30069_NovaSeq_221223_NOV1577_DataDelivery/125288T4_S46_R2_001.fastq.gz	Homo sapiens (human)	o30069/2#3	443559	ATCAGTACCA	CTAATTCGCT	Illumina Truseq mRNA	antisense	30069	C7	1687	70264026
125294T1	NA	p29951/o30069_NovaSeq_221223_NOV1577_DataDelivery/125294T1_S30_R1_001.fastq.gz	p29951/o30069_NovaSeq_221223_NOV1577_DataDelivery/125294T1_S30_R2_001.fastq.gz	Homo sapiens (human)	o30069/1#64	443543	ACGCCTTGTT	TCACACCGAA	Illumina Truseq mRNA	antisense	30069	H8	1748	34615384
125294T4	NA	p29951/o30069_NovaSeq_221223_NOV1577_DataDelivery/125294T4_S5_R1_001.fastq.gz	p29951/o30069_NovaSeq_221223_NOV1577_DataDelivery/125294T4_S5_R2_001.fastq.gz	Homo sapiens (human)	o30069/2#4	443518	ACCTAAGACC	CTGGATATGT	Illumina Truseq mRNA	antisense	30069	D7	1687	80187930
135139T1	NA	p29951/o30069_NovaSeq_221223_NOV1577_DataDelivery/135139T1_S41_R1_001.fastq.gz	p29951/o30069_NovaSeq_221223_NOV1577_DataDelivery/135139T1_S41_R2_001.fastq.gz	Homo sapiens (human)	o30069/1#42	443554	TCATAGATTG	TTCATCCAAC	Illumina Truseq mRNA	antisense	30069	B6	1748	33421180
135139T4	NA	p29951/o30069_NovaSeq_221223_NOV1577_DataDelivery/135139T4_S55_R1_001.fastq.gz	p29951/o30069_NovaSeq_221223_NOV1577_DataDelivery/135139T4_S55_R2_001.fastq.gz	Homo sapiens (human)	o30069/1#66	443568	CGCAAGAGCC	AACCGCATCG	Illumina Truseq mRNA	antisense	30069	B9	1748	31494018
135140T1	NA	p29951/o30069_NovaSeq_221223_NOV1577_DataDelivery/135140T1_S99_R1_001.fastq.gz	p29951/o30069_NovaSeq_221223_NOV1577_DataDelivery/135140T1_S99_R2_001.fastq.gz	Homo sapiens (human)	o30069/1#50	443612	GTTGTAGTGC	CAGAGTGATA	Illumina Truseq mRNA	antisense	30069	B7	1748	40430386
135140T4	NA	p29951/o30069_NovaSeq_221223_NOV1577_DataDelivery/135140T4_S88_R1_001.fastq.gz	p29951/o30069_NovaSeq_221223_NOV1577_DataDelivery/135140T4_S88_R2_001.fastq.gz	Homo sapiens (human)	o30069/1#51	443601	TGGCTAATCA	ACAATAGAGT	Illumina Truseq mRNA	antisense	30069	C7	1748	31979789
135144T1	NA	p29951/o30069_NovaSeq_221223_NOV1577_DataDelivery/135144T1_S68_R1_001.fastq.gz	p29951/o30069_NovaSeq_221223_NOV1577_DataDelivery/135144T1_S68_R2_001.fastq.gz	Homo sapiens (human)	o30069/1#58	443581	ACCACGACAT	TGAGACAGCG	Illumina Truseq mRNA	antisense	30069	B8	1748	39040809
135144T4	NA	p29951/o30069_NovaSeq_221223_NOV1577_DataDelivery/135144T4_S36_R1_001.fastq.gz	p29951/o30069_NovaSeq_221223_NOV1577_DataDelivery/135144T4_S36_R2_001.fastq.gz	Homo sapiens (human)	o30069/1#60	443549	GCCGCACTCT	GTATTCTCTA	Illumina Truseq mRNA	antisense	30069	D8	1748	32790462
135146T1	NA	p29951/o30069_NovaSeq_221223_NOV1577_DataDelivery/135146T1_S16_R1_001.fastq.gz	p29951/o30069_NovaSeq_221223_NOV1577_DataDelivery/135146T1_S16_R2_001.fastq.gz	Homo sapiens (human)	o30069/1#74	443529	TATGGAGATT	GGTTATGCTA	Illumina Truseq mRNA	antisense	30069	B10	1748	27708269
135146T4	NA	p29951/o30069_NovaSeq_221223_NOV1577_DataDelivery/135146T4_S28_R1_001.fastq.gz	p29951/o30069_NovaSeq_221223_NOV1577_DataDelivery/135146T4_S28_R2_001.fastq.gz	Homo sapiens (human)	o30069/1#90	443541	GAACTTCCTT	GATAACAAGT	Illumina Truseq mRNA	antisense	30069	B12	1748	36801297
135154T1	NA	p29951/o30069_NovaSeq_221223_NOV1577_DataDelivery/135154T1_S31_R1_001.fastq.gz	p29951/o30069_NovaSeq_221223_NOV1577_DataDelivery/135154T1_S31_R2_001.fastq.gz	Homo sapiens (human)	o30069/1#3	443544	TCTATCCTAA	CGAACCTCTC	Illumina Truseq mRNA	antisense	30069	C1	1748	39753511
135154T4	NA	p29951/o30069_NovaSeq_221223_NOV1577_DataDelivery/135154T4_S22_R1_001.fastq.gz	p29951/o30069_NovaSeq_221223_NOV1577_DataDelivery/135154T4_S22_R2_001.fastq.gz	Homo sapiens (human)	o30069/1#12	443535	CCTCGTGCGT	TTCAGCGTGG	Illumina Truseq mRNA	antisense	30069	D2	1748	44742106
135165T1	NA	p29951/o30069_NovaSeq_221223_NOV1577_DataDelivery/135165T1_S8_R1_001.fastq.gz	p29951/o30069_NovaSeq_221223_NOV1577_DataDelivery/135165T1_S8_R2_001.fastq.gz	Homo sapiens (human)	o30069/1#91	443521	ACTTCAAGCG	CCACTGGTCC	Illumina Truseq mRNA	antisense	30069	C12	1748	42021203
135165T4	NA	p29951/o30069_NovaSeq_221223_NOV1577_DataDelivery/135165T4_S71_R1_001.fastq.gz	p29951/o30069_NovaSeq_221223_NOV1577_DataDelivery/135165T4_S71_R2_001.fastq.gz	Homo sapiens (human)	o30069/1#36	443584	GAGGTTAGAC	CGGTTATTAG	Illumina Truseq mRNA	antisense	30069	D5	1748	25594166
135171T1	NA	p29951/o30069_NovaSeq_221223_NOV1577_DataDelivery/135171T1_S21_R1_001.fastq.gz	p29951/o30069_NovaSeq_221223_NOV1577_DataDelivery/135171T1_S21_R2_001.fastq.gz	Homo sapiens (human)	o30069/1#76	443534	CGACCTAACG	GACTCACTAA	Illumina Truseq mRNA	antisense	30069	D10	1748	28543767
135171T4	NA	p29951/o30069_NovaSeq_221223_NOV1577_DataDelivery/135171T4_S24_R1_001.fastq.gz	p29951/o30069_NovaSeq_221223_NOV1577_DataDelivery/135171T4_S24_R2_001.fastq.gz	Homo sapiens (human)	o30069/1#68	443537	TAGTTCGGTA	AGTCTGTCGG	Illumina Truseq mRNA	antisense	30069	D9	1748	29914776
135196T1	NA	p29951/o30069_NovaSeq_221223_NOV1577_DataDelivery/135196T1_S15_R1_001.fastq.gz	p29951/o30069_NovaSeq_221223_NOV1577_DataDelivery/135196T1_S15_R2_001.fastq.gz	Homo sapiens (human)	o30069/1#38	443528	GATAGGCCGA	CAACGTCAGC	Illumina Truseq mRNA	antisense	30069	F5	1748	28236784
135196T4	NA	p29951/o30069_NovaSeq_221223_NOV1577_DataDelivery/135196T4_S51_R1_001.fastq.gz	p29951/o30069_NovaSeq_221223_NOV1577_DataDelivery/135196T4_S51_R2_001.fastq.gz	Homo sapiens (human)	o30069/1#30	443564	GTGCAGACAG	GAACAAGTAT	Illumina Truseq mRNA	antisense	30069	F4	1748	37333736
135198T1	NA	p29951/o30069_NovaSeq_221223_NOV1577_DataDelivery/135198T1_S18_R1_001.fastq.gz	p29951/o30069_NovaSeq_221223_NOV1577_DataDelivery/135198T1_S18_R2_001.fastq.gz	Homo sapiens (human)	o30069/1#22	443531	ACATGAGTGA	AGGTGGACGC	Illumina Truseq mRNA	antisense	30069	F3	1748	33527905
135198T4	NA	p29951/o30069_NovaSeq_221223_NOV1577_DataDelivery/135198T4_S52_R1_001.fastq.gz	p29951/o30069_NovaSeq_221223_NOV1577_DataDelivery/135198T4_S52_R2_001.fastq.gz	Homo sapiens (human)	o30069/1#31	443565	GCGTTGGTAT	GCTCCGTCAC	Illumina Truseq mRNA	antisense	30069	G4	1748	45050621
135206T1	NA	p29951/o30069_NovaSeq_221223_NOV1577_DataDelivery/135206T1_S77_R1_001.fastq.gz	p29951/o30069_NovaSeq_221223_NOV1577_DataDelivery/135206T1_S77_R2_001.fastq.gz	Homo sapiens (human)	o30069/1#61	443590	AACACTGTTA	TGTGATGTAT	Illumina Truseq mRNA	antisense	30069	E8	1748	30548983
135206T4	NA	p29951/o30069_NovaSeq_221223_NOV1577_DataDelivery/135206T4_S91_R1_001.fastq.gz	p29951/o30069_NovaSeq_221223_NOV1577_DataDelivery/135206T4_S91_R2_001.fastq.gz	Homo sapiens (human)	o30069/1#86	443604	TGGCGCGAAC	CGCCATACCT	Illumina Truseq mRNA	antisense	30069	F11	1748	24392368
135212T1	NA	p29951/o30069_NovaSeq_221223_NOV1577_DataDelivery/135212T1_S11_R1_001.fastq.gz	p29951/o30069_NovaSeq_221223_NOV1577_DataDelivery/135212T1_S11_R2_001.fastq.gz	Homo sapiens (human)	o30069/1#23	443524	ATACCAACGC	ATCTTACTGT	Illumina Truseq mRNA	antisense	30069	G3	1748	27259688
135212T4	NA	p29951/o30069_NovaSeq_221223_NOV1577_DataDelivery/135212T4_S1_R1_001.fastq.gz	p29951/o30069_NovaSeq_221223_NOV1577_DataDelivery/135212T4_S1_R2_001.fastq.gz	Homo sapiens (human)	o30069/1#39	443514	TTCTCGTGCA	ACCGGCTCAG	Illumina Truseq mRNA	antisense	30069	G5	1748	37190074
135219T1	NA	p29951/o30069_NovaSeq_221223_NOV1577_DataDelivery/135219T1_S3_R1_001.fastq.gz	p29951/o30069_NovaSeq_221223_NOV1577_DataDelivery/135219T1_S3_R2_001.fastq.gz	Homo sapiens (human)	o30069/1#47	443516	CCTCTACATG	GTTAATCTGA	Illumina Truseq mRNA	antisense	30069	G6	1748	33727136
135219T4	NA	p29951/o30069_NovaSeq_221223_NOV1577_DataDelivery/135219T4_S33_R1_001.fastq.gz	p29951/o30069_NovaSeq_221223_NOV1577_DataDelivery/135219T4_S33_R2_001.fastq.gz	Homo sapiens (human)	o30069/1#79	443546	TCAGTCTCGT	TGCAGACGTC	Illumina Truseq mRNA	antisense	30069	G10	1748	35044039
135240T1	NA	p29951/o30069_NovaSeq_221223_NOV1577_DataDelivery/135240T1_S59_R1_001.fastq.gz	p29951/o30069_NovaSeq_221223_NOV1577_DataDelivery/135240T1_S59_R2_001.fastq.gz	Homo sapiens (human)	o30069/2#1	443572	GGTAGAATTA	CCACCTTACA	Illumina Truseq mRNA	antisense	30069	A7	1687	81409299
135240T4	NA	p29951/o30069_NovaSeq_221223_NOV1577_DataDelivery/135240T4_S45_R1_001.fastq.gz	p29951/o30069_NovaSeq_221223_NOV1577_DataDelivery/135240T4_S45_R2_001.fastq.gz	Homo sapiens (human)	o30069/2#2	443558	TCAGATTAAC	CATGTAGAGG	Illumina Truseq mRNA	antisense	30069	B7	1687	75091899
145301T1	NA	p29951/o30069_NovaSeq_221223_NOV1577_DataDelivery/145301T1_S90_R1_001.fastq.gz	p29951/o30069_NovaSeq_221223_NOV1577_DataDelivery/145301T1_S90_R2_001.fastq.gz	Homo sapiens (human)	o30069/1#9	443603	GACACCATGT	GGTACCGTGC	Illumina Truseq mRNA	antisense	30069	A2	1748	34315920
145301T4	NA	p29951/o30069_NovaSeq_221223_NOV1577_DataDelivery/145301T4_S39_R1_001.fastq.gz	p29951/o30069_NovaSeq_221223_NOV1577_DataDelivery/145301T4_S39_R2_001.fastq.gz	Homo sapiens (human)	o30069/1#25	443552	TCAGAAGGCG	TATATTCGAG	Illumina Truseq mRNA	antisense	30069	A4	1748	30713625
145309T1	NA	p29951/o30069_NovaSeq_221223_NOV1577_DataDelivery/145309T1_S29_R1_001.fastq.gz	p29951/o30069_NovaSeq_221223_NOV1577_DataDelivery/145309T1_S29_R2_001.fastq.gz	Homo sapiens (human)	o30069/1#1	443542	AGTGTTGCAC	AACGTTACAT	Illumina Truseq mRNA	antisense	30069	A1	1748	46707334
145309T4	NA	p29951/o30069_NovaSeq_221223_NOV1577_DataDelivery/145309T4_S85_R1_001.fastq.gz	p29951/o30069_NovaSeq_221223_NOV1577_DataDelivery/145309T4_S85_R2_001.fastq.gz	Homo sapiens (human)	o30069/1#57	443598	CTAGTGCTCT	TCCTATTAGC	Illumina Truseq mRNA	antisense	30069	A8	1748	35971093
145314T1	NA	p29951/o30069_NovaSeq_221223_NOV1577_DataDelivery/145314T1_S94_R1_001.fastq.gz	p29951/o30069_NovaSeq_221223_NOV1577_DataDelivery/145314T1_S94_R2_001.fastq.gz	Homo sapiens (human)	o30069/1#17	443607	CTGAGGAATA	CGCGCCTAGA	Illumina Truseq mRNA	antisense	30069	A3	1748	41708005
145314T4	NA	p29951/o30069_NovaSeq_221223_NOV1577_DataDelivery/145314T4_S80_R1_001.fastq.gz	p29951/o30069_NovaSeq_221223_NOV1577_DataDelivery/145314T4_S80_R2_001.fastq.gz	Homo sapiens (human)	o30069/1#41	443593	CGTCTCATAT	TGGCGGTCCA	Illumina Truseq mRNA	antisense	30069	A6	1748	34422429
145341T1	NA	p29951/o30069_NovaSeq_221223_NOV1577_DataDelivery/145341T1_S47_R1_001.fastq.gz	p29951/o30069_NovaSeq_221223_NOV1577_DataDelivery/145341T1_S47_R2_001.fastq.gz	Homo sapiens (human)	o30069/1#33	443560	TACTCTGCGC	CAATAACTTG	Illumina Truseq mRNA	antisense	30069	A5	1748	31804825
145341T4	NA	p29951/o30069_NovaSeq_221223_NOV1577_DataDelivery/145341T4_S96_R1_001.fastq.gz	p29951/o30069_NovaSeq_221223_NOV1577_DataDelivery/145341T4_S96_R2_001.fastq.gz	Homo sapiens (human)	o30069/1#49	443609	TCGACATCTC	CTTCGCCGAT	Illumina Truseq mRNA	antisense	30069	A7	1748	42335902
145373T1	NA	p29951/o30069_NovaSeq_221223_NOV1577_DataDelivery/145373T1_S67_R1_001.fastq.gz	p29951/o30069_NovaSeq_221223_NOV1577_DataDelivery/145373T1_S67_R2_001.fastq.gz	Homo sapiens (human)	o30069/1#65	443580	GGTGAGTAAT	TGTTCGCATT	Illumina Truseq mRNA	antisense	30069	A9	1748	39379727
145373T4	NA	p29951/o30069_NovaSeq_221223_NOV1577_DataDelivery/145373T4_S53_R1_001.fastq.gz	p29951/o30069_NovaSeq_221223_NOV1577_DataDelivery/145373T4_S53_R2_001.fastq.gz	Homo sapiens (human)	o30069/1#2	443566	TTACCTGGAA	ATTCAGAATC	Illumina Truseq mRNA	antisense	30069	B1	1748	30451804
145377T1	NA	p29951/o30069_NovaSeq_221223_NOV1577_DataDelivery/145377T1_S73_R1_001.fastq.gz	p29951/o30069_NovaSeq_221223_NOV1577_DataDelivery/145377T1_S73_R2_001.fastq.gz	Homo sapiens (human)	o30069/1#73	443586	AACAGACGGC	CACCTATGCC	Illumina Truseq mRNA	antisense	30069	A10	1748	6882320
145377T4	NA	p29951/o30069_NovaSeq_221223_NOV1577_DataDelivery/145377T4_S78_R1_001.fastq.gz	p29951/o30069_NovaSeq_221223_NOV1577_DataDelivery/145377T4_S78_R2_001.fastq.gz	Homo sapiens (human)	o30069/1#81	443591	GGATGCTCCA	ACAGAGGCCA	Illumina Truseq mRNA	antisense	30069	A11	1748	35205341
145388T1	NA	p29951/o30069_NovaSeq_221223_NOV1577_DataDelivery/145388T1_S9_R1_001.fastq.gz	p29951/o30069_NovaSeq_221223_NOV1577_DataDelivery/145388T1_S9_R2_001.fastq.gz	Homo sapiens (human)	o30069/1#89	443522	AAGCATCTTG	GTGAGAATTG	Illumina Truseq mRNA	antisense	30069	A12	1748	33220181
145388T4	NA	p29951/o30069_NovaSeq_221223_NOV1577_DataDelivery/145388T4_S38_R1_001.fastq.gz	p29951/o30069_NovaSeq_221223_NOV1577_DataDelivery/145388T4_S38_R2_001.fastq.gz	Homo sapiens (human)	o30069/1#10	443551	CCGTTCAAGG	GCCTGAGGCT	Illumina Truseq mRNA	antisense	30069	B2	1748	30682854
145446T1	NA	p29951/o30069_NovaSeq_221223_NOV1577_DataDelivery/145446T1_S86_R1_001.fastq.gz	p29951/o30069_NovaSeq_221223_NOV1577_DataDelivery/145446T1_S86_R2_001.fastq.gz	Homo sapiens (human)	o30069/1#18	443599	TGATGTAAGA	CCAACAACAT	Illumina Truseq mRNA	antisense	30069	B3	1748	35797471
145446T4	NA	p29951/o30069_NovaSeq_221223_NOV1577_DataDelivery/145446T4_S87_R1_001.fastq.gz	p29951/o30069_NovaSeq_221223_NOV1577_DataDelivery/145446T4_S87_R2_001.fastq.gz	Homo sapiens (human)	o30069/1#26	443600	CAGCACGGAG	TTGGTGGTGC	Illumina Truseq mRNA	antisense	30069	B4	1748	36285378
145507T1	NA	p29951/o30069_NovaSeq_221223_NOV1577_DataDelivery/145507T1_S14_R1_001.fastq.gz	p29951/o30069_NovaSeq_221223_NOV1577_DataDelivery/145507T1_S14_R2_001.fastq.gz	Homo sapiens (human)	o30069/1#34	443527	CTGCGAGCCA	CCTGCTTGGT	Illumina Truseq mRNA	antisense	30069	B5	1748	29963084
145507T4	NA	p29951/o30069_NovaSeq_221223_NOV1577_DataDelivery/145507T4_S2_R1_001.fastq.gz	p29951/o30069_NovaSeq_221223_NOV1577_DataDelivery/145507T4_S2_R2_001.fastq.gz	Homo sapiens (human)	o30069/1#11	443515	CTCGCTTCGG	TAGGTTCTCT	Illumina Truseq mRNA	antisense	30069	C2	1748	38619355
145575T1	NA	p29951/o30069_NovaSeq_221223_NOV1577_DataDelivery/145575T1_S69_R1_001.fastq.gz	p29951/o30069_NovaSeq_221223_NOV1577_DataDelivery/145575T1_S69_R2_001.fastq.gz	Homo sapiens (human)	o30069/1#43	443582	TTAAGACAAG	GGCCAATAAG	Illumina Truseq mRNA	antisense	30069	C6	1748	38721520
145575T4	NA	p29951/o30069_NovaSeq_221223_NOV1577_DataDelivery/145575T4_S57_R1_001.fastq.gz	p29951/o30069_NovaSeq_221223_NOV1577_DataDelivery/145575T4_S57_R2_001.fastq.gz	Homo sapiens (human)	o30069/1#52	443570	ATTATGTCTC	ACGCCTCTCG	Illumina Truseq mRNA	antisense	30069	D7	1748	30334723
145589T1	NA	p29951/o30069_NovaSeq_221223_NOV1577_DataDelivery/145589T1_S65_R1_001.fastq.gz	p29951/o30069_NovaSeq_221223_NOV1577_DataDelivery/145589T1_S65_R2_001.fastq.gz	Homo sapiens (human)	o30069/1#59	443578	CAATCGGCTG	GTGGCGAGAC	Illumina Truseq mRNA	antisense	30069	C8	1748	35014065
145589T4	NA	p29951/o30069_NovaSeq_221223_NOV1577_DataDelivery/145589T4_S83_R1_001.fastq.gz	p29951/o30069_NovaSeq_221223_NOV1577_DataDelivery/145589T4_S83_R2_001.fastq.gz	Homo sapiens (human)	o30069/1#44	443596	AGAACCGAGT	TAACCGCCGA	Illumina Truseq mRNA	antisense	30069	D6	1748	24222882
145592T1	NA	p29951/o30069_NovaSeq_221223_NOV1577_DataDelivery/145592T1_S7_R1_001.fastq.gz	p29951/o30069_NovaSeq_221223_NOV1577_DataDelivery/145592T1_S7_R2_001.fastq.gz	Homo sapiens (human)	o30069/1#75	443520	AATCACCAGC	GCGTTCAAGC	Illumina Truseq mRNA	antisense	30069	C10	1748	31299922
145592T4	NA	p29951/o30069_NovaSeq_221223_NOV1577_DataDelivery/145592T4_S62_R1_001.fastq.gz	p29951/o30069_NovaSeq_221223_NOV1577_DataDelivery/145592T4_S62_R2_001.fastq.gz	Homo sapiens (human)	o30069/1#20	443575	ACCGGCCGTA	ATAGGTATTC	Illumina Truseq mRNA	antisense	30069	D3	1748	38812133
145600T1	NA	p29951/o30069_NovaSeq_221223_NOV1577_DataDelivery/145600T1_S10_R1_001.fastq.gz	p29951/o30069_NovaSeq_221223_NOV1577_DataDelivery/145600T1_S10_R2_001.fastq.gz	Homo sapiens (human)	o30069/1#4	443523	TTCTACATAC	CCTGATACAA	Illumina Truseq mRNA	antisense	30069	D1	1748	35022028
145600T4	NA	p29951/o30069_NovaSeq_221223_NOV1577_DataDelivery/145600T4_S20_R1_001.fastq.gz	p29951/o30069_NovaSeq_221223_NOV1577_DataDelivery/145600T4_S20_R2_001.fastq.gz	Homo sapiens (human)	o30069/1#84	443533	TGACAATGTC	AGAAGCCAAT	Illumina Truseq mRNA	antisense	30069	D11	1748	34997788
145616T1	NA	p29951/o30069_NovaSeq_221223_NOV1577_DataDelivery/145616T1_S42_R1_001.fastq.gz	p29951/o30069_NovaSeq_221223_NOV1577_DataDelivery/145616T1_S42_R2_001.fastq.gz	Homo sapiens (human)	o30069/1#28	443555	GTTAATTACG	GCGAACGCCT	Illumina Truseq mRNA	antisense	30069	D4	1748	38997795
145616T4	NA	p29951/o30069_NovaSeq_221223_NOV1577_DataDelivery/145616T4_S58_R1_001.fastq.gz	p29951/o30069_NovaSeq_221223_NOV1577_DataDelivery/145616T4_S58_R2_001.fastq.gz	Homo sapiens (human)	o30069/1#92	443571	CAGTGGCACT	GAGGATTGGC	Illumina Truseq mRNA	antisense	30069	D12	1748	35332915
145669T1	NA	p29951/o30069_NovaSeq_221223_NOV1577_DataDelivery/145669T1_S81_R1_001.fastq.gz	p29951/o30069_NovaSeq_221223_NOV1577_DataDelivery/145669T1_S81_R2_001.fastq.gz	Homo sapiens (human)	o30069/1#13	443594	ATTGCGCGGT	CTTGGAGGCC	Illumina Truseq mRNA	antisense	30069	E2	1748	39118951
145669T4	NA	p29951/o30069_NovaSeq_221223_NOV1577_DataDelivery/145669T4_S60_R1_001.fastq.gz	p29951/o30069_NovaSeq_221223_NOV1577_DataDelivery/145669T4_S60_R2_001.fastq.gz	Homo sapiens (human)	o30069/1#29	443573	TGGAGTACTT	TATAGATTCG	Illumina Truseq mRNA	antisense	30069	E4	1748	37409714
145673T1	NA	p29951/o30069_NovaSeq_221223_NOV1577_DataDelivery/145673T1_S70_R1_001.fastq.gz	p29951/o30069_NovaSeq_221223_NOV1577_DataDelivery/145673T1_S70_R2_001.fastq.gz	Homo sapiens (human)	o30069/1#21	443583	CAAGACGTCC	CGCGAGCCTA	Illumina Truseq mRNA	antisense	30069	E3	1748	32270205
145673T4	NA	p29951/o30069_NovaSeq_221223_NOV1577_DataDelivery/145673T4_S40_R1_001.fastq.gz	p29951/o30069_NovaSeq_221223_NOV1577_DataDelivery/145673T4_S40_R2_001.fastq.gz	Homo sapiens (human)	o30069/1#93	443553	TACCGCCTCG	GTAGCCATCA	Illumina Truseq mRNA	antisense	30069	E12	1748	43388474
145681T1	NA	p29951/o30069_NovaSeq_221223_NOV1577_DataDelivery/145681T1_S49_R1_001.fastq.gz	p29951/o30069_NovaSeq_221223_NOV1577_DataDelivery/145681T1_S49_R2_001.fastq.gz	Homo sapiens (human)	o30069/1#37	443562	GTGCGCTTGA	AACTCCGAAC	Illumina Truseq mRNA	antisense	30069	E5	1748	35957239
145681T4	NA	p29951/o30069_NovaSeq_221223_NOV1577_DataDelivery/145681T4_S27_R1_001.fastq.gz	p29951/o30069_NovaSeq_221223_NOV1577_DataDelivery/145681T4_S27_R2_001.fastq.gz	Homo sapiens (human)	o30069/1#94	443540	CAATATAGGT	TATTGCGTTC	Illumina Truseq mRNA	antisense	30069	F12	1748	32377340
145691T1	NA	p29951/o30069_NovaSeq_221223_NOV1577_DataDelivery/145691T1_S93_R1_001.fastq.gz	p29951/o30069_NovaSeq_221223_NOV1577_DataDelivery/145691T1_S93_R2_001.fastq.gz	Homo sapiens (human)	o30069/1#69	443606	CCTGCGGAAC	CCGGACCACA	Illumina Truseq mRNA	antisense	30069	E9	1748	31866447
145691T4	NA	p29951/o30069_NovaSeq_221223_NOV1577_DataDelivery/145691T4_S44_R1_001.fastq.gz	p29951/o30069_NovaSeq_221223_NOV1577_DataDelivery/145691T4_S44_R2_001.fastq.gz	Homo sapiens (human)	o30069/1#62	443557	TCCATTGCCG	TAGGAACCGG	Illumina Truseq mRNA	antisense	30069	F8	1748	28113391
145698T1	NA	p29951/o30069_NovaSeq_221223_NOV1577_DataDelivery/145698T1_S66_R1_001.fastq.gz	p29951/o30069_NovaSeq_221223_NOV1577_DataDelivery/145698T1_S66_R2_001.fastq.gz	Homo sapiens (human)	o30069/1#77	443579	TTCATAAGGT	TTAAGTTGTG	Illumina Truseq mRNA	antisense	30069	E10	1748	27601104
145698T4	NA	p29951/o30069_NovaSeq_221223_NOV1577_DataDelivery/145698T4_S6_R1_001.fastq.gz	p29951/o30069_NovaSeq_221223_NOV1577_DataDelivery/145698T4_S6_R2_001.fastq.gz	Homo sapiens (human)	o30069/1#7	443519	GGCGATCAGA	AGGCCAGACA	Illumina Truseq mRNA	antisense	30069	G1	1748	32063727
145703T1	NA	p29951/o30069_NovaSeq_221223_NOV1577_DataDelivery/145703T1_S37_R1_001.fastq.gz	p29951/o30069_NovaSeq_221223_NOV1577_DataDelivery/145703T1_S37_R2_001.fastq.gz	Homo sapiens (human)	o30069/1#85	443550	CGTTATTCTA	ACGATTGCTG	Illumina Truseq mRNA	antisense	30069	E11	1748	35049922
145703T4	NA	p29951/o30069_NovaSeq_221223_NOV1577_DataDelivery/145703T4_S61_R1_001.fastq.gz	p29951/o30069_NovaSeq_221223_NOV1577_DataDelivery/145703T4_S61_R2_001.fastq.gz	Homo sapiens (human)	o30069/1#70	443574	GCAACCAGTC	CCTTCACGTA	Illumina Truseq mRNA	antisense	30069	F9	1748	33663726
145716T1	NA	p29951/o30069_NovaSeq_221223_NOV1577_DataDelivery/145716T1_S64_R1_001.fastq.gz	p29951/o30069_NovaSeq_221223_NOV1577_DataDelivery/145716T1_S64_R2_001.fastq.gz	Homo sapiens (human)	o30069/1#14	443577	TAACCGTAAT	GCTATGCGCA	Illumina Truseq mRNA	antisense	30069	F2	1748	40661408
145716T4	NA	p29951/o30069_NovaSeq_221223_NOV1577_DataDelivery/145716T4_S56_R1_001.fastq.gz	p29951/o30069_NovaSeq_221223_NOV1577_DataDelivery/145716T4_S56_R2_001.fastq.gz	Homo sapiens (human)	o30069/1#78	443569	ATGGTTGACT	TTCCTGTACG	Illumina Truseq mRNA	antisense	30069	F10	1748	33443235
145718T1	NA	p29951/o30069_NovaSeq_221223_NOV1577_DataDelivery/145718T1_S25_R1_001.fastq.gz	p29951/o30069_NovaSeq_221223_NOV1577_DataDelivery/145718T1_S25_R2_001.fastq.gz	Homo sapiens (human)	o30069/1#6	443538	CGGTTACGGC	ATCGCATATG	Illumina Truseq mRNA	antisense	30069	F1	1748	22706559
145718T4	NA	p29951/o30069_NovaSeq_221223_NOV1577_DataDelivery/145718T4_S17_R1_001.fastq.gz	p29951/o30069_NovaSeq_221223_NOV1577_DataDelivery/145718T4_S17_R2_001.fastq.gz	Homo sapiens (human)	o30069/1#54	443530	CTTGCCATTA	CGAAGGTTAA	Illumina Truseq mRNA	antisense	30069	F7	1748	33591872
145776T1	NA	p29951/o30069_NovaSeq_221223_NOV1577_DataDelivery/145776T1_S32_R1_001.fastq.gz	p29951/o30069_NovaSeq_221223_NOV1577_DataDelivery/145776T1_S32_R2_001.fastq.gz	Homo sapiens (human)	o30069/1#15	443545	AATAGCTGAG	GAATTGAGTG	Illumina Truseq mRNA	antisense	30069	G2	1748	15301823
145776T4	NA	p29951/o30069_NovaSeq_221223_NOV1577_DataDelivery/145776T4_S43_R1_001.fastq.gz	p29951/o30069_NovaSeq_221223_NOV1577_DataDelivery/145776T4_S43_R2_001.fastq.gz	Homo sapiens (human)	o30069/1#55	443556	TAGGAGCCTC	CTGACCGGCA	Illumina Truseq mRNA	antisense	30069	G7	1748	32617723
145813T1	NA	p29951/o30069_NovaSeq_221223_NOV1577_DataDelivery/145813T1_S76_R1_001.fastq.gz	p29951/o30069_NovaSeq_221223_NOV1577_DataDelivery/145813T1_S76_R2_001.fastq.gz	Homo sapiens (human)	o30069/1#71	443589	CTGACTCTAC	CATGAGTACT	Illumina Truseq mRNA	antisense	30069	G9	1748	33343386
145813T4	NA	p29951/o30069_NovaSeq_221223_NOV1577_DataDelivery/145813T4_S74_R1_001.fastq.gz	p29951/o30069_NovaSeq_221223_NOV1577_DataDelivery/145813T4_S74_R2_001.fastq.gz	Homo sapiens (human)	o30069/1#32	443587	CTCAACGCTT	GCCTCGGATA	Illumina Truseq mRNA	antisense	30069	H4	1748	44814409
145828T1	NA	p29951/o30069_NovaSeq_221223_NOV1577_DataDelivery/145828T1_S79_R1_001.fastq.gz	p29951/o30069_NovaSeq_221223_NOV1577_DataDelivery/145828T1_S79_R2_001.fastq.gz	Homo sapiens (human)	o30069/1#63	443592	CGAAGATTCT	TCAGTTAATG	Illumina Truseq mRNA	antisense	30069	G8	1748	34595978
145828T4	NA	p29951/o30069_NovaSeq_221223_NOV1577_DataDelivery/145828T4_S100_R1_001.fastq.gz	p29951/o30069_NovaSeq_221223_NOV1577_DataDelivery/145828T4_S100_R2_001.fastq.gz	Homo sapiens (human)	o30069/1#56	443613	GTATTCCACC	CTGTGTTAGG	Illumina Truseq mRNA	antisense	30069	H7	1748	32566950
145839T1	NA	p29951/o30069_NovaSeq_221223_NOV1577_DataDelivery/145839T1_S84_R1_001.fastq.gz	p29951/o30069_NovaSeq_221223_NOV1577_DataDelivery/145839T1_S84_R2_001.fastq.gz	Homo sapiens (human)	o30069/1#87	443597	GATCAAGGCA	CTATACGCGG	Illumina Truseq mRNA	antisense	30069	G11	1748	32700633
145839T4	NA	p29951/o30069_NovaSeq_221223_NOV1577_DataDelivery/145839T4_S4_R1_001.fastq.gz	p29951/o30069_NovaSeq_221223_NOV1577_DataDelivery/145839T4_S4_R2_001.fastq.gz	Homo sapiens (human)	o30069/1#88	443517	CACCTGTTGC	AAGCGCGCTT	Illumina Truseq mRNA	antisense	30069	H11	1748	38690174
145841T1	NA	p29951/o30069_NovaSeq_221223_NOV1577_DataDelivery/145841T1_S26_R1_001.fastq.gz	p29951/o30069_NovaSeq_221223_NOV1577_DataDelivery/145841T1_S26_R2_001.fastq.gz	Homo sapiens (human)	o30069/1#8	443539	AGACTGCGAA	ACCAAGTTAC	Illumina Truseq mRNA	antisense	30069	H1	1748	37166009
145841T4	NA	p29951/o30069_NovaSeq_221223_NOV1577_DataDelivery/145841T4_S35_R1_001.fastq.gz	p29951/o30069_NovaSeq_221223_NOV1577_DataDelivery/145841T4_S35_R2_001.fastq.gz	Homo sapiens (human)	o30069/1#96	443548	CTTATTGGCC	CTTGTCTTAA	Illumina Truseq mRNA	antisense	30069	F7	1687	98328955
145847T1	NA	p29951/o30069_NovaSeq_221223_NOV1577_DataDelivery/145847T1_S89_R1_001.fastq.gz	p29951/o30069_NovaSeq_221223_NOV1577_DataDelivery/145847T1_S89_R2_001.fastq.gz	Homo sapiens (human)	o30069/1#16	443602	GAGTCATAGG	GTTGGACCGT	Illumina Truseq mRNA	antisense	30069	H2	1748	33959406
145847T4	NA	p29951/o30069_NovaSeq_221223_NOV1577_DataDelivery/145847T4_S92_R1_001.fastq.gz	p29951/o30069_NovaSeq_221223_NOV1577_DataDelivery/145847T4_S92_R2_001.fastq.gz	Homo sapiens (human)	o30069/1#72	443605	ACGAACAACA	ATCTCTACCA	Illumina Truseq mRNA	antisense	30069	H9	1748	31901638
145848T1	NA	p29951/o30069_NovaSeq_221223_NOV1577_DataDelivery/145848T1_S13_R1_001.fastq.gz	p29951/o30069_NovaSeq_221223_NOV1577_DataDelivery/145848T1_S13_R2_001.fastq.gz	Homo sapiens (human)	o30069/1#24	443526	TCTGGTATCC	ATTCTAAGCG	Illumina Truseq mRNA	antisense	30069	H3	1748	31302610
145848T4	NA	p29951/o30069_NovaSeq_221223_NOV1577_DataDelivery/145848T4_S54_R1_001.fastq.gz	p29951/o30069_NovaSeq_221223_NOV1577_DataDelivery/145848T4_S54_R2_001.fastq.gz	Homo sapiens (human)	o30069/1#80	443567	GTAGGTGGTG	GCTCTCGTTG	Illumina Truseq mRNA	antisense	30069	H10	1748	41822587
